Species,Label_ID,Duration_s,File_Path,Num_Samples
Spinner_Dolphin,26,3.0464375,7100800R.wav,48743
Bearded_Seal,1,2.465625,7202100Z.wav,39450
Weddell_Seal,29,10.4625,64041002.wav,167400
Harp_Seal,11,0.709,6701000A.wav,11344
False_Killer_Whale,7,0.6070625,61023016.wav,9713
Frasers_Dolphin,9,0.3405625,9101001U.wav,5449
Long-Finned_Pilot_Whale,15,20.561375,5402400A.wav,328982
"Beluga,_White_Whale",2,2.0034375,6202600C.wav,32055
Atlantic_Spotted_Dolphin,0,1.3104375,6102603X.wav,20967
Spinner_Dolphin,26,1.042,7100101K.wav,16672
Minke_Whale,17,1.418,64103006.wav,22688
Pantropical_Spotted_Dolphin,20,0.883625,9400800U.wav,14138
"Grampus,_Rissos_Dolphin",10,2.133125,59029002.wav,34130
Ross_Seal,21,3.0015,6608900D.wav,48024
Frasers_Dolphin,9,1.344,9101301H.wav,21504
White-sided_Dolphin,31,1.011125,79006015.wav,16178
Narwhal,18,1.418,6800200D.wav,22688
Common_Dolphin,6,1.9834375,5801403R.wav,31735
Bowhead_Whale,4,3.61875,7801800H.wav,57900
Sperm_Whale,25,2.7328125,85004007.wav,43725
Long-Finned_Pilot_Whale,15,0.7289375,7703400M.wav,11663
False_Killer_Whale,7,2.10625,6102300A.wav,33700
Humpback_Whale,12,3.9998125,6301900B.wav,63997
Short-Finned_Pacific_Pilot_Whale,23,1.39125,91005006.wav,22260
Striped_Dolphin,27,0.9655,72007036.wav,15448
Bowhead_Whale,4,1.824,8800602Q.wav,29184
Striped_Dolphin,27,0.8838125,75003060.wav,14141
Sperm_Whale,25,1.131,9101200B.wav,18096
Pantropical_Spotted_Dolphin,20,1.44175,9005807P.wav,23068
Walrus,28,9.1531875,72002009.wav,146451
Northern_Right_Whale,19,3.895,56018002.wav,62320
Short-Finned_Pacific_Pilot_Whale,23,1.786,9100500S.wav,28576
"Fin,_Finback_Whale",8,24.0,78014005.wav,384000
Spinner_Dolphin,26,1.3396875,7100100X.wav,21435
Ross_Seal,21,3.3596875,6608500M.wav,53755
Common_Dolphin,6,2.1029375,7500304I.wav,33647
Bowhead_Whale,4,3.9343125,8800601C.wav,62949
Pantropical_Spotted_Dolphin,20,1.184625,9400807P.wav,18954
Ross_Seal,21,3.206625,6608900B.wav,51306
Bottlenose_Dolphin,3,1.4528125,5600600B.wav,23245
Bowhead_Whale,4,6.2809375,8800600R.wav,100495
Sperm_Whale,25,1179.215375,9500100Q.wav,18867446
Ross_Seal,21,3.4060625,6608900C.wav,54497
Short-Finned_Pacific_Pilot_Whale,23,4.2438125,81037004.wav,67901
White-beaked_Dolphin,30,2.1583125,7200500Z.wav,34533
"Fin,_Finback_Whale",8,24.0,78014003.wav,384000
Spinner_Dolphin,26,1.312,71001039.wav,20992
Pantropical_Spotted_Dolphin,20,0.2730625,9300100H.wav,4369
Ross_Seal,21,4.356125,66084005.wav,69698
Ross_Seal,21,3.643875,6608500L.wav,58302
Bowhead_Whale,4,3.932125,8800600Z.wav,62914
Short-Finned_Pacific_Pilot_Whale,23,55.2485625,5702100J.wav,883977
Rough-Toothed_Dolphin,22,1.278125,85013010.wav,20450
Melon_Headed_Whale,16,0.1639375,91012048.wav,2623
Pantropical_Spotted_Dolphin,20,0.372,94008010.wav,5952
Frasers_Dolphin,9,30.9439375,9101002A.wav,495103
Bottlenose_Dolphin,3,1.125,89514002.wav,18000
Sperm_Whale,25,44.3465,7200900E.wav,709544
Harp_Seal,11,0.9609375,67009001.wav,15375
Southern_Right_Whale,24,2.10825,7900200W.wav,33732
False_Killer_Whale,7,2.2114375,95003004.wav,35383
Long-Finned_Pilot_Whale,15,1.6863125,7500402I.wav,26981
Humpback_Whale,12,11.111125,6301900Y.wav,177778
Short-Finned_Pacific_Pilot_Whale,23,1.1505,91005036.wav,18408
"Fin,_Finback_Whale",8,101.913375,6107900J.wav,1630614
"Fin,_Finback_Whale",8,43.493375,61064008.wav,695894
Bottlenose_Dolphin,3,1.171625,56006005.wav,18746
Bottlenose_Dolphin,3,1.5,89514004.wav,24000
Frasers_Dolphin,9,3.78125,9101300C.wav,60500
Bearded_Seal,1,1.209375,71012007.wav,19350
Melon_Headed_Whale,16,4.61125,9101204O.wav,73780
Spinner_Dolphin,26,1.4556875,71004017.wav,23291
Spinner_Dolphin,26,1.344625,7100401A.wav,21514
"Beluga,_White_Whale",2,2.3519375,62022017.wav,37631
Northern_Right_Whale,19,2.116125,7001800B.wav,33858
"Fin,_Finback_Whale",8,74.465,6106400J.wav,1191440
"Fin,_Finback_Whale",8,65.0666875,61064009.wav,1041067
Bearded_Seal,1,1.418,71012001.wav,22688
Humpback_Whale,12,5.0846875,92201002.wav,81355
Bottlenose_Dolphin,3,1.125,89514001.wav,18000
Ross_Seal,21,1.924875,66002A03.wav,30798
Sperm_Whale,25,9.9931875,9357000A.wav,159891
Walrus,28,20.0184375,7200200D.wav,320295
Humpback_Whale,12,3.9998125,6301900C.wav,63997
Melon_Headed_Whale,16,1.0481875,9101200K.wav,16771
"Grampus,_Rissos_Dolphin",10,0.45625,5902900R.wav,7300
Bowhead_Whale,4,8.7234375,8800600I.wav,139575
Striped_Dolphin,27,1.638875,75003011.wav,26222
Bearded_Seal,1,2.7046875,70025002.wav,43275
Southern_Right_Whale,24,1.4133125,8300200B.wav,22613
Short-Finned_Pacific_Pilot_Whale,23,1.1655,91005029.wav,18648
Southern_Right_Whale,24,1.3359375,79002011.wav,21375
Striped_Dolphin,27,0.8390625,85009011.wav,13425
Melon_Headed_Whale,16,6.4946875,9101204J.wav,103915
Atlantic_Spotted_Dolphin,0,1.79375,6102500I.wav,28700
Humpback_Whale,12,2.8359375,63019002.wav,45375
Frasers_Dolphin,9,1.1379375,9101001X.wav,18207
"Grampus,_Rissos_Dolphin",10,6.5398125,5903000A.wav,104637
Narwhal,18,5.8614375,6804000C.wav,93783
Atlantic_Spotted_Dolphin,0,1.4574375,6102500G.wav,23319
Ross_Seal,21,3.335,66002A01.wav,53360
Harp_Seal,11,1.5,67010001.wav,24000
"Fin,_Finback_Whale",8,44.2016875,60009005.wav,707227
Northern_Right_Whale,19,1.3509375,5601700B.wav,21615
Spinner_Dolphin,26,0.9453125,7100300Q.wav,15125
Walrus,28,1.44375,72019005.wav,23100
False_Killer_Whale,7,0.978125,6102300P.wav,15650
Melon_Headed_Whale,16,0.2281875,9101204C.wav,3651
Pantropical_Spotted_Dolphin,20,1.016125,94008017.wav,16258
Bearded_Seal,1,1.134375,71012006.wav,18150
"Grampus,_Rissos_Dolphin",10,0.2481875,59030034.wav,3971
"Fin,_Finback_Whale",8,41.048375,61048007.wav,656774
Sperm_Whale,25,1.7361875,93570006.wav,27779
Spinner_Dolphin,26,0.6541875,7100102G.wav,10467
Humpback_Whale,12,10.95,63019014.wav,175200
"Grampus,_Rissos_Dolphin",10,0.384375,8500900U.wav,6150
Frasers_Dolphin,9,0.5991875,91010021.wav,9587
Spinner_Dolphin,26,2.0988125,7100800D.wav,33581
Walrus,28,8.9681875,72002001.wav,143491
Minke_Whale,17,0.9445625,64103003.wav,15113
Atlantic_Spotted_Dolphin,0,1.872375,6102500N.wav,29958
False_Killer_Whale,7,0.504625,6102301J.wav,8074
White-sided_Dolphin,31,2.8686875,6107202N.wav,45899
Striped_Dolphin,27,1.45025,8500701A.wav,23204
Humpback_Whale,12,27.7476875,6304300F.wav,443963
Striped_Dolphin,27,1.2764375,7200703A.wav,20423
Bearded_Seal,1,0.75,71012005.wav,12000
Common_Dolphin,6,2.0384375,7500303M.wav,32615
Common_Dolphin,6,52.1364375,5801404T.wav,834183
White-beaked_Dolphin,30,3.8039375,7001400V.wav,60863
"Grampus,_Rissos_Dolphin",10,1.1671875,5903002D.wav,18675
Harp_Seal,11,2.6015625,67009006.wav,41625
Pantropical_Spotted_Dolphin,20,1.257625,9004401W.wav,20122
White-sided_Dolphin,31,2.301625,6107201P.wav,36826
Walrus,28,7.4625,72019008.wav,119400
Pantropical_Spotted_Dolphin,20,0.731125,9400807V.wav,11698
Clymene_Dolphin,5,0.709,83035007.wav,11344
Humpback_Whale,12,2.8359375,63019003.wav,45375
Long-Finned_Pilot_Whale,15,2.27925,7500502J.wav,36468
Long-Finned_Pilot_Whale,15,4.49175,54024005.wav,71868
Sperm_Whale,25,7.4243125,9357000J.wav,118789
Frasers_Dolphin,9,0.46925,9101001Z.wav,7508
Pantropical_Spotted_Dolphin,20,0.8506875,9400807T.wav,13611
Pantropical_Spotted_Dolphin,20,1.834375,90058068.wav,29350
Northern_Right_Whale,19,2.070625,59005004.wav,33130
Narwhal,18,1.418,7501400S.wav,22688
Northern_Right_Whale,19,4.567875,56026002.wav,73086
Harp_Seal,11,0.709,6701000E.wav,11344
Spinner_Dolphin,26,1.890625,7100300N.wav,30250
Pantropical_Spotted_Dolphin,20,1.04125,94008081.wav,16660
Long-Finned_Pilot_Whale,15,1.0465625,7500502T.wav,16745
False_Killer_Whale,7,0.7945625,61023019.wav,12713
Ross_Seal,21,2.0923125,66084009.wav,33477
Melon_Headed_Whale,16,0.679125,9101202E.wav,10866
Killer_Whale,13,1.7311875,9230400D.wav,27699
Spinner_Dolphin,26,0.9453125,71003003.wav,15125
Short-Finned_Pacific_Pilot_Whale,23,2.2345,81037001.wav,35752
Killer_Whale,13,2.6063125,9750400J.wav,41701
Frasers_Dolphin,9,1.890625,91013001.wav,30250
Rough-Toothed_Dolphin,22,0.7125,85014006.wav,11400
Short-Finned_Pacific_Pilot_Whale,23,1.199625,5702100A.wav,19194
White-sided_Dolphin,31,1.490625,79006016.wav,23850
Striped_Dolphin,27,1.5620625,7500301N.wav,24993
Narwhal,18,1.418,75014015.wav,22688
Bottlenose_Dolphin,3,1.303125,89514017.wav,20850
White-beaked_Dolphin,30,1.8274375,7001400Q.wav,29239
Striped_Dolphin,27,1.6181875,75003005.wav,25891
Sperm_Whale,25,1.0481875,9101200K.wav,16771
Atlantic_Spotted_Dolphin,0,1.384625,6102603Z.wav,22154
White-sided_Dolphin,31,2.3303125,6107202O.wav,37285
Narwhal,18,1.418,7501400B.wav,22688
"Fin,_Finback_Whale",8,24.0,78014008.wav,384000
Humpback_Whale,12,11.21075,6301900Z.wav,179372
Sperm_Whale,25,0.1639375,91012048.wav,2623
"Grampus,_Rissos_Dolphin",10,2.45,59030021.wav,39200
Striped_Dolphin,27,3.2400625,7500301P.wav,51841
Spinner_Dolphin,26,1.5305,71010007.wav,24488
"Fin,_Finback_Whale",8,24.0,78014007.wav,384000
Frasers_Dolphin,9,1.418,91010014.wav,22688
Bearded_Seal,1,3.61875,7801800J.wav,57900
"Beluga,_White_Whale",2,1.418,65033007.wav,22688
Spinner_Dolphin,26,1.616,71004019.wav,25856
Melon_Headed_Whale,16,0.0536875,9101203U.wav,859
Frasers_Dolphin,9,0.7756875,9101001S.wav,12411
Melon_Headed_Whale,16,0.1008125,9101204D.wav,1613
White-beaked_Dolphin,30,2.9848125,59037005.wav,47757
Bowhead_Whale,4,5.01575,88006033.wav,80252
Common_Dolphin,6,1.0525,7500305I.wav,16840
Bottlenose_Dolphin,3,1.303125,89514012.wav,20850
Bowhead_Whale,4,2.83725,88006007.wav,45396
Spinner_Dolphin,26,1.890625,7100300D.wav,30250
Striped_Dolphin,27,0.9040625,5801100Y.wav,14465
Melon_Headed_Whale,16,0.840625,9101202C.wav,13450
Leopard_Seal,14,7.2364375,6608400Q.wav,115783
White-beaked_Dolphin,30,1.7215,5903700Q.wav,27544
Humpback_Whale,12,13.0035,6304300E.wav,208056
Bowhead_Whale,4,3.61875,7801800J.wav,57900
"Grampus,_Rissos_Dolphin",10,0.9609375,59030026.wav,15375
Harp_Seal,11,1.1390625,67009008.wav,18225
Sperm_Whale,25,7.6459375,93570017.wav,122335
White-beaked_Dolphin,30,2.407125,7200500V.wav,38514
Rough-Toothed_Dolphin,22,1.0875,8501400Q.wav,17400
Short-Finned_Pacific_Pilot_Whale,23,79.3235,5702100L.wav,1269176
Long-Finned_Pilot_Whale,15,4.5744375,54024001.wav,73191
Melon_Headed_Whale,16,6.4069375,9101204L.wav,102511
Atlantic_Spotted_Dolphin,0,1.7978125,61026002.wav,28765
Southern_Right_Whale,24,1.764875,79002012.wav,28238
Striped_Dolphin,27,1.2763125,7200703C.wav,20421
Sperm_Whale,25,4.7625,8401400B.wav,76200
Short-Finned_Pacific_Pilot_Whale,23,1.4203125,8103700C.wav,22725
Minke_Whale,17,1.418,64103004.wav,22688
Spinner_Dolphin,26,1.890625,7100300J.wav,30250
Killer_Whale,13,1.89375,6002600B.wav,30300
White-beaked_Dolphin,30,2.012625,72005007.wav,32202
Clymene_Dolphin,5,1.9148125,8303500N.wav,30637
Common_Dolphin,6,3.1684375,75003051.wav,50695
Leopard_Seal,14,7.272,66084013.wav,116352
Minke_Whale,17,1.4109375,64104006.wav,22575
Pantropical_Spotted_Dolphin,20,1.0593125,9005807N.wav,16949
Humpback_Whale,12,13.7020625,9220100S.wav,219233
Frasers_Dolphin,9,0.98025,91010023.wav,15684
Walrus,28,3.2875,72020008.wav,52600
Long-Finned_Pilot_Whale,15,0.7171875,7703400L.wav,11475
"Beluga,_White_Whale",2,2.007375,6202600A.wav,32118
Narwhal,18,1.418,75014017.wav,22688
"Beluga,_White_Whale",2,2.070125,6202600B.wav,33122
Narwhal,18,1.418,75014001.wav,22688
"Fin,_Finback_Whale",8,59.348375,61048004.wav,949574
Spinner_Dolphin,26,52.7269375,7100103D.wav,843631
Minke_Whale,17,1.258625,6410300B.wav,20138
"Grampus,_Rissos_Dolphin",10,3.2348125,59030005.wav,51757
Striped_Dolphin,27,2.32025,8500701G.wav,37124
Spinner_Dolphin,26,0.9275,71001025.wav,14840
Humpback_Whale,12,7.55975,6304300M.wav,120956
Spinner_Dolphin,26,1.76975,7100801N.wav,28316
Frasers_Dolphin,9,0.6705,9100800B.wav,10728
Clymene_Dolphin,5,2.0671875,8300600D.wav,33075
White-sided_Dolphin,31,1.198375,79006014.wav,19174
Long-Finned_Pilot_Whale,15,52.1441875,54024009.wav,834307
Short-Finned_Pacific_Pilot_Whale,23,1.4203125,8103700U.wav,22725
Common_Dolphin,6,2.357125,7500302U.wav,37714
Rough-Toothed_Dolphin,22,1.29375,8501400P.wav,20700
Rough-Toothed_Dolphin,22,0.9375,8501400G.wav,15000
Walrus,28,3.2625,72019009.wav,52200
White-beaked_Dolphin,30,2.0975,59037006.wav,33560
"Grampus,_Rissos_Dolphin",10,0.609375,5903002U.wav,9750
Clymene_Dolphin,5,1.8648125,83006047.wav,29837
Ross_Seal,21,2.89275,6608500F.wav,46284
Sperm_Whale,25,0.1,7702801M.wav,1600
Humpback_Whale,12,156.13425,63019018.wav,2498148
Humpback_Whale,12,17.98975,9220100G.wav,287836
Bearded_Seal,1,0.75,71012003.wav,12000
Bearded_Seal,1,2.8359375,70025003.wav,45375
Sperm_Whale,25,1.3875,85005005.wav,22200
Rough-Toothed_Dolphin,22,1.1125,8501300T.wav,17800
Spinner_Dolphin,26,1.1225,71001031.wav,17960
Striped_Dolphin,27,0.8405,5801100X.wav,13448
Spinner_Dolphin,26,0.4069375,7100901A.wav,6511
Spinner_Dolphin,26,1.890625,71003002.wav,30250
"Beluga,_White_Whale",2,1.408625,6503300H.wav,22538
Frasers_Dolphin,9,1.0149375,9101301E.wav,16239
Spinner_Dolphin,26,0.9618125,7100101B.wav,15389
White-sided_Dolphin,31,2.150625,6107200O.wav,34410
Frasers_Dolphin,9,1.095375,9101001R.wav,17526
Frasers_Dolphin,9,1.890625,9101300A.wav,30250
Spinner_Dolphin,26,1.413,7100401B.wav,22608
Narwhal,18,1.418,75014007.wav,22688
White-sided_Dolphin,31,1.37,61072020.wav,21920
False_Killer_Whale,7,2.000875,95003002.wav,32014
Frasers_Dolphin,9,0.5954375,9100800A.wav,9527
Northern_Right_Whale,19,2.157625,5900300A.wav,34522
Spinner_Dolphin,26,1.890625,7100300T.wav,30250
Atlantic_Spotted_Dolphin,0,1.352625,6102500P.wav,21642
Long-Finned_Pilot_Whale,15,1.2539375,77028010.wav,20063
Atlantic_Spotted_Dolphin,0,1.57925,6102602J.wav,25268
Walrus,28,6.1240625,72002008.wav,97985
False_Killer_Whale,7,1.623625,95003009.wav,25978
Rough-Toothed_Dolphin,22,1.321875,8501300S.wav,21150
Pantropical_Spotted_Dolphin,20,0.9885,90044021.wav,15816
Sperm_Whale,25,0.853125,91012022.wav,13650
Northern_Right_Whale,19,2.2554375,8101402I.wav,36087
Humpback_Whale,12,5.498,9220100W.wav,87968
"Beluga,_White_Whale",2,1.9665625,6202200Z.wav,31465
False_Killer_Whale,7,1.059375,6102301D.wav,16950
"Grampus,_Rissos_Dolphin",10,0.3351875,8500900O.wav,5363
Harp_Seal,11,2.5125,67009005.wav,40200
"Grampus,_Rissos_Dolphin",10,0.9445625,5903002G.wav,15113
Clymene_Dolphin,5,1.418,83035002.wav,22688
Walrus,28,7.6314375,7200200E.wav,122103
White-sided_Dolphin,31,3.139,61072006.wav,50224
Frasers_Dolphin,9,1.418,9101000F.wav,22688
Humpback_Whale,12,60.03075,63019010.wav,960492
Melon_Headed_Whale,16,0.853125,91012022.wav,13650
Short-Finned_Pacific_Pilot_Whale,23,1.4203125,8103700G.wav,22725
Short-Finned_Pacific_Pilot_Whale,23,0.93575,57021007.wav,14972
Long-Finned_Pilot_Whale,15,3.766375,7500502X.wav,60262
Short-Finned_Pacific_Pilot_Whale,23,0.76725,9100501V.wav,12276
Humpback_Whale,12,119.8868125,6301901M.wav,1918189
"Beluga,_White_Whale",2,1.284375,65033004.wav,20550
Frasers_Dolphin,9,30.025125,91010025.wav,480402
Spinner_Dolphin,26,1.3766875,71008001.wav,22027
Harp_Seal,11,0.968,6700900G.wav,15488
White-sided_Dolphin,31,3.983125,7500102S.wav,63730
Striped_Dolphin,27,24.924875,5801101O.wav,398798
"Fin,_Finback_Whale",8,51.1266875,6106400A.wav,818027
Bearded_Seal,1,1.321875,70025008.wav,21150
"Grampus,_Rissos_Dolphin",10,0.9445625,5903002T.wav,15113
Striped_Dolphin,27,1.63825,72007037.wav,26212
Ross_Seal,21,2.92325,6608500S.wav,46772
Clymene_Dolphin,5,2.2943125,8300604A.wav,36709
Spinner_Dolphin,26,1.922,71008009.wav,30752
White-sided_Dolphin,31,2.965,7500103D.wav,47440
Long-Finned_Pilot_Whale,15,1.8509375,7500503L.wav,29615
Pantropical_Spotted_Dolphin,20,0.7785625,94008082.wav,12457
Frasers_Dolphin,9,7.4280625,9100800E.wav,118849
White-sided_Dolphin,31,2.91075,6107202R.wav,46572
Striped_Dolphin,27,1.476125,5801100U.wav,23618
Long-Finned_Pilot_Whale,15,1.1953125,77028018.wav,19125
Clymene_Dolphin,5,1.2878125,8303503Q.wav,20605
Sperm_Whale,25,1.296125,7702801F.wav,20738
Spinner_Dolphin,26,1.4800625,7100102W.wav,23681
Short-Finned_Pacific_Pilot_Whale,23,0.872625,9100503E.wav,13962
Melon_Headed_Whale,16,0.1088125,91012044.wav,1741
Walrus,28,0.9070625,72019003.wav,14513
Killer_Whale,13,1.6,60026006.wav,25600
White-sided_Dolphin,31,23.230625,61072031.wav,371690
"Grampus,_Rissos_Dolphin",10,0.678125,5902900A.wav,10850
Pantropical_Spotted_Dolphin,20,2.8359375,84021003.wav,45375
Rough-Toothed_Dolphin,22,1.35,8501301F.wav,21600
Pantropical_Spotted_Dolphin,20,0.731625,94008087.wav,11706
"Beluga,_White_Whale",2,5.1685625,62019007.wav,82697
Bowhead_Whale,4,4.1808125,8800600J.wav,66893
"Beluga,_White_Whale",2,2.917125,63015005.wav,46674
Bowhead_Whale,4,3.7755,88006006.wav,60408
Bowhead_Whale,4,3.6159375,88006003.wav,57855
Frasers_Dolphin,9,0.7536875,9101301C.wav,12059
Spinner_Dolphin,26,1.0835,7100103B.wav,17336
"Beluga,_White_Whale",2,5.671875,6503300E.wav,90750
Pantropical_Spotted_Dolphin,20,1.5475625,64005019.wav,24761
Leopard_Seal,14,3.5708125,6608400R.wav,57133
Spinner_Dolphin,26,1.890625,7100300S.wav,30250
Long-Finned_Pilot_Whale,15,41.5669375,54024007.wav,665071
Southern_Right_Whale,24,3.94825,7900200T.wav,63172
Northern_Right_Whale,19,0.6865,5601700V.wav,10984
Rough-Toothed_Dolphin,22,1.146875,8501300K.wav,18350
Ross_Seal,21,2.2635,6608500E.wav,36216
Melon_Headed_Whale,16,0.603125,9101201E.wav,9650
Humpback_Whale,12,709.0568125,6301901L.wav,11344909
Common_Dolphin,6,1.9524375,75003043.wav,31239
False_Killer_Whale,7,0.9,6102300W.wav,14400
Narwhal,18,1.418,6800200G.wav,22688
Striped_Dolphin,27,1.575,5801100Q.wav,25200
False_Killer_Whale,7,0.853125,6102300U.wav,13650
Narwhal,18,1.418,6800200C.wav,22688
Sperm_Whale,25,8.34375,9357000C.wav,133500
Atlantic_Spotted_Dolphin,0,1.36775,61026036.wav,21884
Southern_Right_Whale,24,1.4789375,79002013.wav,23663
"Grampus,_Rissos_Dolphin",10,0.3986875,59030033.wav,6379
Spinner_Dolphin,26,1.08775,71001024.wav,17404
Pantropical_Spotted_Dolphin,20,1.8455,64005017.wav,29528
Melon_Headed_Whale,16,0.162875,91012040.wav,2606
"Beluga,_White_Whale",2,8.731875,62026009.wav,139710
Ross_Seal,21,2.555375,6608400F.wav,40886
Clymene_Dolphin,5,1.9056875,8300604G.wav,30491
Southern_Right_Whale,24,1.8223125,7900200X.wav,29157
Atlantic_Spotted_Dolphin,0,1.665125,6102600F.wav,26642
"Beluga,_White_Whale",2,1.254875,6202200P.wav,20078
Clymene_Dolphin,5,2.5656875,8300603U.wav,41051
Walrus,28,10.6255,72002004.wav,170008
Short-Finned_Pacific_Pilot_Whale,23,6.2093125,57021005.wav,99349
Spinner_Dolphin,26,1.418,7100300M.wav,22688
Spinner_Dolphin,26,1.4853125,7100801O.wav,23765
Rough-Toothed_Dolphin,22,0.4560625,8501301J.wav,7297
Spinner_Dolphin,26,0.9453125,71003005.wav,15125
Common_Dolphin,6,0.986,75003056.wav,15776
Spinner_Dolphin,26,0.9453125,71003007.wav,15125
White-sided_Dolphin,31,1.7274375,6107200H.wav,27639
"Fin,_Finback_Whale",8,69.213375,6106400F.wav,1107414
Rough-Toothed_Dolphin,22,1.384375,8501301A.wav,22150
Spinner_Dolphin,26,1.545,7100401C.wav,24720
Short-Finned_Pacific_Pilot_Whale,23,187.3453125,5702100K.wav,2997525
Striped_Dolphin,27,1.8819375,8500701B.wav,30111
False_Killer_Whale,7,0.4828125,61021019.wav,7725
Harp_Seal,11,3.590625,6700900I.wav,57450
Short-Finned_Pacific_Pilot_Whale,23,3.50025,81037002.wav,56004
White-sided_Dolphin,31,1.73425,7500102I.wav,27748
Atlantic_Spotted_Dolphin,0,1.79075,6102602T.wav,28652
Minke_Whale,17,1.3734375,6410300A.wav,21975
Clymene_Dolphin,5,2.8359375,83035003.wav,45375
Frasers_Dolphin,9,24.5069375,9101002B.wav,392111
Frasers_Dolphin,9,0.8295,9101301I.wav,13272
Atlantic_Spotted_Dolphin,0,0.8645625,6102500K.wav,13833
Bowhead_Whale,4,2.7515625,7801800D.wav,44025
Common_Dolphin,6,1.756,75003045.wav,28096
"Grampus,_Rissos_Dolphin",10,0.3820625,85009009.wav,6113
Minke_Whale,17,0.9445625,64103002.wav,15113
Long-Finned_Pilot_Whale,15,54.4103125,7703400V.wav,870565
Minke_Whale,17,1.4109375,64104004.wav,22575
White-sided_Dolphin,31,0.7753125,79006019.wav,12405
"Fin,_Finback_Whale",8,27.3216875,6106400O.wav,437147
Narwhal,18,1.418,75014010.wav,22688
Common_Dolphin,6,1.7436875,75003042.wav,27899
Pantropical_Spotted_Dolphin,20,1.1179375,9004400Y.wav,17887
Leopard_Seal,14,2.34,66084010.wav,37440
Striped_Dolphin,27,1.221875,8500701C.wav,19550
Pantropical_Spotted_Dolphin,20,0.937,9004401T.wav,14992
Rough-Toothed_Dolphin,22,0.9914375,8501300R.wav,15863
Spinner_Dolphin,26,1.4330625,7101001F.wav,22929
Short-Finned_Pacific_Pilot_Whale,23,1.0616875,5702100B.wav,16987
Frasers_Dolphin,9,1.0131875,9101001V.wav,16211
"Grampus,_Rissos_Dolphin",10,2.50875,85009003.wav,40140
Long-Finned_Pilot_Whale,15,0.5578125,7703400A.wav,8925
Northern_Right_Whale,19,3.5254375,81014036.wav,56407
Long-Finned_Pilot_Whale,15,0.7383125,77034008.wav,11813
Clymene_Dolphin,5,1.5951875,8303503S.wav,25523
Humpback_Whale,12,4.45325,9220100E.wav,71252
Atlantic_Spotted_Dolphin,0,1.248625,6102603O.wav,19978
Spinner_Dolphin,26,1.6553125,71001033.wav,26485
Striped_Dolphin,27,1.4915,7500300V.wav,23864
Spinner_Dolphin,26,1.560125,71008008.wav,24962
Harp_Seal,11,1.418,6701000F.wav,22688
Spinner_Dolphin,26,1.890625,7100300C.wav,30250
White-beaked_Dolphin,30,1.85275,7001300E.wav,29644
Melon_Headed_Whale,16,0.6145625,9101201T.wav,9833
Frasers_Dolphin,9,1.890625,91013003.wav,30250
Melon_Headed_Whale,16,13.3478125,9101204K.wav,213565
"Fin,_Finback_Whale",8,81.4666875,6107900D.wav,1303467
Harp_Seal,11,0.709,67010004.wav,11344
Spinner_Dolphin,26,1.04425,7100401G.wav,16708
False_Killer_Whale,7,0.5390625,6102100T.wav,8625
Humpback_Whale,12,4.081125,92201005.wav,65298
Killer_Whale,13,1.7,60026001.wav,27200
Atlantic_Spotted_Dolphin,0,1.757,6102604L.wav,28112
Humpback_Whale,12,27.4329375,55113007.wav,438927
Striped_Dolphin,27,0.6360625,72007039.wav,10177
Atlantic_Spotted_Dolphin,0,1.43825,6102602K.wav,23012
Melon_Headed_Whale,16,0.1485625,9101202R.wav,2377
Clymene_Dolphin,5,2.234125,8300602T.wav,35746
Ross_Seal,21,2.65825,66084004.wav,42532
"Beluga,_White_Whale",2,4.38275,62026002.wav,70124
Long-Finned_Pilot_Whale,15,2.1094375,7500502U.wav,33751
Melon_Headed_Whale,16,1.3715625,9101201C.wav,21945
Clymene_Dolphin,5,1.6228125,8300604M.wav,25965
Clymene_Dolphin,5,1.36975,8300604L.wav,21916
Bowhead_Whale,4,9.7083125,8800600C.wav,155333
Ross_Seal,21,2.201875,66002A04.wav,35230
Clymene_Dolphin,5,2.8359375,83006003.wav,45375
Sperm_Whale,25,17.8125,91003003.wav,285000
Striped_Dolphin,27,3.8491875,5801100W.wav,61587
Short-Finned_Pacific_Pilot_Whale,23,1.31075,9100500N.wav,20972
Long-Finned_Pilot_Whale,15,1.09375,7703400S.wav,17500
Narwhal,18,1.418,68002008.wav,22688
Atlantic_Spotted_Dolphin,0,1.116875,6102500E.wav,17870
Striped_Dolphin,27,3.292125,58011001.wav,52674
Humpback_Whale,12,8.371125,9220100V.wav,133938
Striped_Dolphin,27,1.5104375,75003061.wav,24167
Clymene_Dolphin,5,2.207625,8300601V.wav,35322
"Grampus,_Rissos_Dolphin",10,0.559375,59029007.wav,8950
Sperm_Whale,25,95.615875,84018001.wav,1529854
Rough-Toothed_Dolphin,22,1.440625,8501301D.wav,23050
"Grampus,_Rissos_Dolphin",10,0.377375,8500900J.wav,6038
Spinner_Dolphin,26,1.4746875,7100102O.wav,23595
Bearded_Seal,1,2.5640625,70025006.wav,41025
Spinner_Dolphin,26,1.52525,71001032.wav,24404
Sperm_Whale,25,2.5734375,72009005.wav,41175
Long-Finned_Pilot_Whale,15,29.473375,54024008.wav,471574
Common_Dolphin,6,1.345625,5801402C.wav,21530
Long-Finned_Pilot_Whale,15,1.953,7500402F.wav,31248
White-beaked_Dolphin,30,2.765875,7200500N.wav,44254
Common_Dolphin,6,53.0381875,5801404R.wav,848611
Atlantic_Spotted_Dolphin,0,3.528,6102500A.wav,56448
Sperm_Whale,25,6.1006875,9357000P.wav,97611
Northern_Right_Whale,19,1.9938125,81014040.wav,31901
Bottlenose_Dolphin,3,1.303125,89514014.wav,20850
Common_Dolphin,6,52.1399375,5801404V.wav,834239
Northern_Right_Whale,19,1.636375,56018001.wav,26182
"Fin,_Finback_Whale",8,29.473375,6107900A.wav,471574
Harp_Seal,11,1.418,6700900F.wav,22688
Striped_Dolphin,27,0.7740625,7500300Z.wav,12385
Sperm_Whale,25,8.1730625,9357000B.wav,130769
Sperm_Whale,25,0.3984375,83019001.wav,6375
Frasers_Dolphin,9,0.854375,9100800D.wav,13670
Northern_Right_Whale,19,2.3808125,5900300J.wav,38093
Killer_Whale,13,1.064125,9750300Q.wav,17026
Walrus,28,3.8125,7202000B.wav,61000
Common_Dolphin,6,2.7900625,7500304O.wav,44641
Clymene_Dolphin,5,2.6801875,8300602C.wav,42883
Spinner_Dolphin,26,1.310375,7100801G.wav,20966
Short-Finned_Pacific_Pilot_Whale,23,1.4203125,81037008.wav,22725
Northern_Right_Whale,19,2.0335,7001800T.wav,32536
Weddell_Seal,29,31.8020625,6404200B.wav,508833
"Fin,_Finback_Whale",8,87.1,6107900H.wav,1393600
"Grampus,_Rissos_Dolphin",10,0.346875,8500900L.wav,5550
Spinner_Dolphin,26,1.0190625,7100101J.wav,16305
Short-Finned_Pacific_Pilot_Whale,23,3.455125,57021001.wav,55282
Ross_Seal,21,3.0699375,66084002.wav,49119
False_Killer_Whale,7,0.4828125,6102101A.wav,7725
Bottlenose_Dolphin,3,1.171625,56006003.wav,18746
Atlantic_Spotted_Dolphin,0,1.0968125,6102500H.wav,17549
Frasers_Dolphin,9,1.890625,91008005.wav,30250
White-sided_Dolphin,31,1.8835625,78007015.wav,30137
Striped_Dolphin,27,0.766125,7500305Z.wav,12258
White-sided_Dolphin,31,0.8896875,79006017.wav,14235
Killer_Whale,13,3.4139375,9750000S.wav,54623
Harp_Seal,11,1.418,67010003.wav,22688
Melon_Headed_Whale,16,0.4328125,91012026.wav,6925
Atlantic_Spotted_Dolphin,0,58.6231875,6102500R.wav,937971
Frasers_Dolphin,9,12.94575,91010028.wav,207132
Melon_Headed_Whale,16,0.121125,91012043.wav,1938
False_Killer_Whale,7,0.546125,61021011.wav,8738
Common_Dolphin,6,1.418,87003005.wav,22688
Clymene_Dolphin,5,1.4604375,8300604K.wav,23367
Spinner_Dolphin,26,0.9453125,71003008.wav,15125
Striped_Dolphin,27,0.465875,75003009.wav,7454
"Fin,_Finback_Whale",8,32.655,61079007.wav,522480
Killer_Whale,13,3.0,60026005.wav,48000
Harp_Seal,11,1.418,6701000G.wav,22688
Rough-Toothed_Dolphin,22,1.09375,8501400S.wav,17500
False_Killer_Whale,7,1.6506875,9500300A.wav,26411
Spinner_Dolphin,26,1.890625,7100300U.wav,30250
Walrus,28,11.853,7200200A.wav,189648
Clymene_Dolphin,5,1.418,8300600E.wav,22688
Short-Finned_Pacific_Pilot_Whale,23,1.457,9100500R.wav,23312
False_Killer_Whale,7,1.009375,61023006.wav,16150
Narwhal,18,1.418,75014002.wav,22688
Humpback_Whale,12,1.8935625,6301900D.wav,30297
Common_Dolphin,6,2.6235,7500304M.wav,41976
Bowhead_Whale,4,2.8359375,7202100V.wav,45375
Long-Finned_Pilot_Whale,15,0.939875,7702800U.wav,15038
Striped_Dolphin,27,1.15125,5801100S.wav,18420
Spinner_Dolphin,26,0.743375,7100700C.wav,11894
Humpback_Whale,12,1.3323125,92201003.wav,21317
Pantropical_Spotted_Dolphin,20,0.847125,9400807Y.wav,13554
Humpback_Whale,12,3.177875,9220100Z.wav,50846
Atlantic_Spotted_Dolphin,0,1.3395,6102601Z.wav,21432
Short-Finned_Pacific_Pilot_Whale,23,0.77275,9100502M.wav,12364
Short-Finned_Pacific_Pilot_Whale,23,1260.0,8401600B.wav,20160000
Clymene_Dolphin,5,2.674,8300602B.wav,42784
Short-Finned_Pacific_Pilot_Whale,23,1.4203125,8103700B.wav,22725
Sperm_Whale,25,67.5120625,93570008.wav,1080193
False_Killer_Whale,7,0.593,6102100W.wav,9488
Northern_Right_Whale,19,2.5494375,8101403B.wav,40791
Northern_Right_Whale,19,2.4186875,81014033.wav,38699
Bowhead_Whale,4,3.642,88006032.wav,58272
Striped_Dolphin,27,1.8018125,75003024.wav,28829
"Fin,_Finback_Whale",8,48.7166875,6104700D.wav,779467
False_Killer_Whale,7,0.65625,6102101U.wav,10500
Bowhead_Whale,4,6.57275,8800600D.wav,105164
"Beluga,_White_Whale",2,2.4980625,62022018.wav,39969
White-sided_Dolphin,31,2.4098125,7500100Y.wav,38557
Clymene_Dolphin,5,1.418,83035001.wav,22688
Common_Dolphin,6,1.738875,58014028.wav,27822
Northern_Right_Whale,19,0.593375,56017018.wav,9494
Short-Finned_Pacific_Pilot_Whale,23,1.4203125,8103700E.wav,22725
Bottlenose_Dolphin,3,1.227875,56006004.wav,19646
Bowhead_Whale,4,6.531625,88006016.wav,104506
Ross_Seal,21,2.53825,66084006.wav,40612
Spinner_Dolphin,26,0.9453125,71003004.wav,15125
Short-Finned_Pacific_Pilot_Whale,23,1.8538125,5702100F.wav,29661
Walrus,28,3.684375,72019004.wav,58950
Northern_Right_Whale,19,0.8734375,5601700F.wav,13975
Rough-Toothed_Dolphin,22,1.553125,8501400H.wav,24850
Short-Finned_Pacific_Pilot_Whale,23,1.125,8103700A.wav,18000
Leopard_Seal,14,3.402,6608400Z.wav,54432
Killer_Whale,13,1.2239375,9750300I.wav,19583
Bottlenose_Dolphin,3,1.875,89514005.wav,30000
Clymene_Dolphin,5,1.9198125,8300604H.wav,30717
Bowhead_Whale,4,7.4469375,88006038.wav,119151
Minke_Whale,17,0.9445625,64103001.wav,15113
Rough-Toothed_Dolphin,22,1.890625,8501300D.wav,30250
"Beluga,_White_Whale",2,1.37125,6503000F.wav,21940
White-sided_Dolphin,31,2.442,6107200S.wav,39072
Atlantic_Spotted_Dolphin,0,1.424125,61026020.wav,22786
Striped_Dolphin,27,1.51225,5801101K.wav,24196
Frasers_Dolphin,9,30.34675,9101301M.wav,485548
Sperm_Whale,25,5.671875,84014009.wav,90750
Rough-Toothed_Dolphin,22,1.0805,8501300L.wav,17288
"Fin,_Finback_Whale",8,59.938375,6104700F.wav,959014
"Grampus,_Rissos_Dolphin",10,0.58925,59030032.wav,9428
"Grampus,_Rissos_Dolphin",10,0.4065,59030036.wav,6504
Killer_Whale,13,2.759375,9750301Q.wav,44150
Frasers_Dolphin,9,1.290625,91010019.wav,20650
Minke_Whale,17,0.708625,64104002.wav,11338
Narwhal,18,1.418,7501400K.wav,22688
Bowhead_Whale,4,3.744625,8800602T.wav,59914
Spinner_Dolphin,26,0.9453125,7100300P.wav,15125
Bowhead_Whale,4,4.2948125,8800600E.wav,68717
Sperm_Whale,25,1.48475,93570007.wav,23756
Long-Finned_Pilot_Whale,15,0.978125,7703400K.wav,15650
Killer_Whale,13,1.89375,6002600A.wav,30300
Sperm_Whale,25,0.603125,9101201E.wav,9650
False_Killer_Whale,7,5.7686875,61023002.wav,92299
Pantropical_Spotted_Dolphin,20,1.9490625,64005009.wav,31185
"Grampus,_Rissos_Dolphin",10,0.46875,5902900U.wav,7500
Striped_Dolphin,27,0.358125,5801101M.wav,5730
Killer_Whale,13,1.0476875,9750301M.wav,16763
Frasers_Dolphin,9,0.86625,9101001Q.wav,13860
Northern_Right_Whale,19,2.406,5900300M.wav,38496
Long-Finned_Pilot_Whale,15,1.2681875,75005031.wav,20291
Bowhead_Whale,4,4.0758125,8800602Z.wav,65213
Spinner_Dolphin,26,1.890625,7100300V.wav,30250
Bowhead_Whale,4,4.21025,8800602S.wav,67364
White-sided_Dolphin,31,1.507,6107201X.wav,24112
White-beaked_Dolphin,30,3.3854375,59037014.wav,54167
Spinner_Dolphin,26,1.0705625,7100401E.wav,17129
False_Killer_Whale,7,0.61875,6102300H.wav,9900
Humpback_Whale,12,152.9986875,6301901T.wav,2447979
Short-Finned_Pacific_Pilot_Whale,23,0.6748125,91005020.wav,10797
Spinner_Dolphin,26,1.0841875,71004015.wav,17347
Killer_Whale,13,1.7,60026004.wav,27200
Long-Finned_Pilot_Whale,15,2.0498125,7500502W.wav,32797
"Beluga,_White_Whale",2,4.0786875,63015002.wav,65259
Narwhal,18,1.418,7501400O.wav,22688
Spinner_Dolphin,26,1.042,71001010.wav,16672
Frasers_Dolphin,9,0.723875,91008009.wav,11582
Frasers_Dolphin,9,28.3248125,9101301P.wav,453197
Bowhead_Whale,4,3.936625,8800600W.wav,62986
Sperm_Whale,25,0.7101875,84014001.wav,11363
White-sided_Dolphin,31,3.4828125,6107202L.wav,55725
"Grampus,_Rissos_Dolphin",10,4.904875,5903000E.wav,78478
Pantropical_Spotted_Dolphin,20,1.085,9400801U.wav,17360
Harp_Seal,11,2.428125,6700900K.wav,38850
"Beluga,_White_Whale",2,1.222375,65030001.wav,19558
Narwhal,18,1.418,75014011.wav,22688
Northern_Right_Whale,19,2.06775,56028001.wav,33084
White-beaked_Dolphin,30,6.9290625,5903700K.wav,110865
White-sided_Dolphin,31,3.1775625,7500102H.wav,50841
Narwhal,18,1.418,7501400Z.wav,22688
Sperm_Whale,25,1.2820625,87017004.wav,20513
Frasers_Dolphin,9,3.78125,9101000Z.wav,60500
Harp_Seal,11,1.418,6700900D.wav,22688
Striped_Dolphin,27,2.3526875,58011012.wav,37643
Pantropical_Spotted_Dolphin,20,1.418,9002800A.wav,22688
Rough-Toothed_Dolphin,22,1.0008125,8501400M.wav,16013
Atlantic_Spotted_Dolphin,0,1.2980625,6102603S.wav,20769
Common_Dolphin,6,2.290375,7500304K.wav,36646
Southern_Right_Whale,24,1.418,79002007.wav,22688
Atlantic_Spotted_Dolphin,0,1.551,6102601Y.wav,24816
Striped_Dolphin,27,1.2713125,5801101J.wav,20341
Bowhead_Whale,4,11.34375,78018003.wav,181500
Southern_Right_Whale,24,1.8480625,7900200S.wav,29569
White-beaked_Dolphin,30,1.6511875,72005003.wav,26419
Long-Finned_Pilot_Whale,15,3.49125,7500502Z.wav,55860
Sperm_Whale,25,2.8359375,72009002.wav,45375
Atlantic_Spotted_Dolphin,0,3.528,61025001.wav,56448
Humpback_Whale,12,1.3875,6301900T.wav,22200
Bearded_Seal,1,8.1748125,66038005.wav,130797
"Grampus,_Rissos_Dolphin",10,2.6125,59030023.wav,41800
Pantropical_Spotted_Dolphin,20,0.9933125,9400800W.wav,15893
Striped_Dolphin,27,1.32125,7500300T.wav,21140
Short-Finned_Pacific_Pilot_Whale,23,0.853125,9100503J.wav,13650
Long-Finned_Pilot_Whale,15,0.8976875,77034006.wav,14363
Sperm_Whale,25,17.8125,91003005.wav,285000
Ross_Seal,21,3.1213125,6608400C.wav,49941
Bowhead_Whale,4,2.8359375,7202100T.wav,45375
Sperm_Whale,25,12.762,62031003.wav,204192
White-beaked_Dolphin,30,1.93125,59037016.wav,30900
White-sided_Dolphin,31,46.6293125,61072032.wav,746069
Pantropical_Spotted_Dolphin,20,0.775125,9400807Q.wav,12402
Short-Finned_Pacific_Pilot_Whale,23,6.0991875,57021002.wav,97587
"Fin,_Finback_Whale",8,24.0,78014004.wav,384000
Atlantic_Spotted_Dolphin,0,1.3959375,6102603A.wav,22335
Clymene_Dolphin,5,3.183875,8300602M.wav,50942
White-beaked_Dolphin,30,1.731375,70006004.wav,27702
Striped_Dolphin,27,1.0925625,75003016.wav,17481
Pantropical_Spotted_Dolphin,20,0.304,94006005.wav,4864
Frasers_Dolphin,9,1.890625,91013004.wav,30250
Walrus,28,1.040625,72014002.wav,16650
Harp_Seal,11,3.421875,6700900Q.wav,54750
Long-Finned_Pilot_Whale,15,0.744625,75004025.wav,11914
"Fin,_Finback_Whale",8,24.0,78014009.wav,384000
Bearded_Seal,1,2.1046875,70025007.wav,33675
Frasers_Dolphin,9,0.6196875,9101301D.wav,9915
Bearded_Seal,1,40.875,78018001.wav,654000
Frasers_Dolphin,9,32.7604375,9101301K.wav,524167
Narwhal,18,1.418,75014005.wav,22688
White-beaked_Dolphin,30,2.28675,7200500E.wav,36588
Southern_Right_Whale,24,2.3941875,7900200V.wav,38307
Sperm_Whale,25,5.4273125,9357000E.wav,86837
False_Killer_Whale,7,3.304625,9500300B.wav,52874
Northern_Right_Whale,19,2.45525,5900300N.wav,39284
Atlantic_Spotted_Dolphin,0,1.50875,6102603E.wav,24140
Spinner_Dolphin,26,1.418,7100300W.wav,22688
Atlantic_Spotted_Dolphin,0,1.3959375,6102603F.wav,22335
"Fin,_Finback_Whale",8,5.938375,6000900L.wav,95014
Rough-Toothed_Dolphin,22,1.15625,8501301H.wav,18500
Bottlenose_Dolphin,3,1.303125,89514015.wav,20850
Melon_Headed_Whale,16,0.101375,91012042.wav,1622
Harp_Seal,11,0.709,6701000C.wav,11344
Long-Finned_Pilot_Whale,15,1.95125,7500402E.wav,31220
False_Killer_Whale,7,0.602375,61023010.wav,9638
Harp_Seal,11,0.709,67010009.wav,11344
Atlantic_Spotted_Dolphin,0,1.92925,6102604J.wav,30868
Frasers_Dolphin,9,30.9439375,91010029.wav,495103
Melon_Headed_Whale,16,0.217125,9101202T.wav,3474
Atlantic_Spotted_Dolphin,0,1.384625,6102603W.wav,22154
Frasers_Dolphin,9,1.890625,9101300F.wav,30250
Frasers_Dolphin,9,1.425,91013016.wav,22800
Melon_Headed_Whale,16,0.1931875,91012037.wav,3091
Melon_Headed_Whale,16,0.584375,91012024.wav,9350
Humpback_Whale,12,5.70525,9220100Q.wav,91284
Bearded_Seal,1,2.7515625,7801800D.wav,44025
False_Killer_Whale,7,0.715625,6102300Z.wav,11450
Long-Finned_Pilot_Whale,15,0.75,7703400Q.wav,12000
Melon_Headed_Whale,16,1.85475,9101201F.wav,29676
Melon_Headed_Whale,16,1.125,9101201Z.wav,18000
Killer_Whale,13,1.415625,64020001.wav,22650
Atlantic_Spotted_Dolphin,0,1.764,61025006.wav,28224
Northern_Right_Whale,19,1.867125,56018003.wav,29874
Bottlenose_Dolphin,3,1.303125,89514010.wav,20850
Killer_Whale,13,2.0305625,9769201Q.wav,32489
Harp_Seal,11,3.440625,6700900H.wav,55050
Southern_Right_Whale,24,2.765625,7900200Q.wav,44250
Spinner_Dolphin,26,1.0583125,7101001G.wav,16933
Spinner_Dolphin,26,1.7316875,7100801L.wav,27707
"Grampus,_Rissos_Dolphin",10,1.0875,5903001Y.wav,17400
"Grampus,_Rissos_Dolphin",10,5.107625,59030001.wav,81722
Humpback_Whale,12,85.15825,63019017.wav,1362532
Humpback_Whale,12,10.9359375,6301900W.wav,174975
Clymene_Dolphin,5,1.418,83035006.wav,22688
Atlantic_Spotted_Dolphin,0,1.9211875,61026001.wav,30739
Bottlenose_Dolphin,3,0.9748125,56006001.wav,15597
"Fin,_Finback_Whale",8,46.8,6107900G.wav,748800
Spinner_Dolphin,26,0.979,7100101X.wav,15664
Bearded_Seal,1,6.5398125,66038003.wav,104637
"Grampus,_Rissos_Dolphin",10,0.575,59030029.wav,9200
White-sided_Dolphin,31,1.969,75001019.wav,31504
Common_Dolphin,6,1.157125,7500305M.wav,18514
Bearded_Seal,1,142.5,72021005.wav,2280000
False_Killer_Whale,7,1.9188125,95003007.wav,30701
Bearded_Seal,1,3.9058125,66038001.wav,62493
Atlantic_Spotted_Dolphin,0,3.528,61025003.wav,56448
False_Killer_Whale,7,2.75475,6102301I.wav,44076
Rough-Toothed_Dolphin,22,1.440625,8501300N.wav,23050
"Fin,_Finback_Whale",8,44.775,61079005.wav,716400
Sperm_Whale,25,1.1593125,94004004.wav,18549
Common_Dolphin,6,1.76825,7500303N.wav,28292
Spinner_Dolphin,26,1.4136875,71008002.wav,22619
White-sided_Dolphin,31,1.2538125,79004007.wav,20061
Melon_Headed_Whale,16,0.1903125,91012039.wav,3045
False_Killer_Whale,7,1.146875,6102300D.wav,18350
White-beaked_Dolphin,30,1.73675,7200500F.wav,27788
Killer_Whale,13,1.275,60026003.wav,20400
False_Killer_Whale,7,0.846125,61023015.wav,13538
Spinner_Dolphin,26,0.9453125,71003006.wav,15125
Narwhal,18,1.418,7501400A.wav,22688
Atlantic_Spotted_Dolphin,0,1.5369375,61026021.wav,24591
Frasers_Dolphin,9,3.78125,9101300I.wav,60500
Sperm_Whale,25,8.5249375,9357001A.wav,136399
White-sided_Dolphin,31,1.05875,7800701J.wav,16940
Long-Finned_Pilot_Whale,15,1.0676875,7500403N.wav,17083
Long-Finned_Pilot_Whale,15,0.63125,7703400J.wav,10100
"Fin,_Finback_Whale",8,42.7966875,6104700E.wav,684747
Striped_Dolphin,27,1.58525,7500301W.wav,25364
White-beaked_Dolphin,30,2.6689375,7200500C.wav,42703
Bottlenose_Dolphin,3,1.2185,56006002.wav,19496
Spinner_Dolphin,26,2.038125,7100101M.wav,32610
Walrus,28,5.025,72019001.wav,80400
Common_Dolphin,6,0.8915,7500305C.wav,14264
Common_Dolphin,6,52.1399375,5801404U.wav,834239
Melon_Headed_Whale,16,0.9453125,91012009.wav,15125
Sperm_Whale,25,0.7101875,84014003.wav,11363
Pantropical_Spotted_Dolphin,20,0.7105,9002800F.wav,11368
Melon_Headed_Whale,16,1.143125,9101201L.wav,18290
Killer_Whale,13,1.677375,97503007.wav,26838
Southern_Right_Whale,24,1.418,7900200L.wav,22688
Rough-Toothed_Dolphin,22,1.890625,85013007.wav,30250
Striped_Dolphin,27,1.4996875,5801100C.wav,23995
White-sided_Dolphin,31,1.91475,6107200M.wav,30636
Sperm_Whale,25,20.03225,84020001.wav,320516
Humpback_Whale,12,9.0918125,63019011.wav,145469
Humpback_Whale,12,9.939875,6301901C.wav,159038
Short-Finned_Pacific_Pilot_Whale,23,0.8428125,9100501W.wav,13485
Northern_Right_Whale,19,2.0584375,5900300O.wav,32935
Sperm_Whale,25,1.659375,85005003.wav,26550
Clymene_Dolphin,5,2.0135625,8300604N.wav,32217
Ross_Seal,21,4.071625,6608900G.wav,65146
Humpback_Whale,12,2.8359375,63019001.wav,45375
False_Killer_Whale,7,0.309375,6102101B.wav,4950
Frasers_Dolphin,9,0.6883125,91008008.wav,11013
"Grampus,_Rissos_Dolphin",10,0.328125,5902900Z.wav,5250
Clymene_Dolphin,5,1.1355625,8303503N.wav,18169
Walrus,28,1.10625,72014009.wav,17700
Humpback_Whale,12,13.95975,6301900V.wav,223356
Ross_Seal,21,3.095125,6608900A.wav,49522
Striped_Dolphin,27,1.1599375,5801100A.wav,18559
Short-Finned_Pacific_Pilot_Whale,23,1.4835,5702100G.wav,23736
Sperm_Whale,25,1.3289375,7702800X.wav,21263
White-sided_Dolphin,31,2.70225,6107200G.wav,43236
White-sided_Dolphin,31,2.793,6107202D.wav,44688
Ross_Seal,21,1.3835,66002A02.wav,22136
Pantropical_Spotted_Dolphin,20,1.8403125,93001008.wav,29445
Long-Finned_Pilot_Whale,15,0.8861875,7500403A.wav,14179
Bearded_Seal,1,8.037,66038007.wav,128592
Humpback_Whale,12,105.0706875,6301901N.wav,1681131
White-sided_Dolphin,31,1.350875,61072021.wav,21614
Bowhead_Whale,4,2.73,8800601Y.wav,43680
Long-Finned_Pilot_Whale,15,0.8976875,7702801K.wav,14363
Ross_Seal,21,2.383875,6608400B.wav,38142
Melon_Headed_Whale,16,0.155,91012046.wav,2480
Short-Finned_Pacific_Pilot_Whale,23,1.3146875,9100503O.wav,21035
Bottlenose_Dolphin,3,1.303125,89514018.wav,20850
Narwhal,18,1.418,7501400I.wav,22688
Atlantic_Spotted_Dolphin,0,1.6824375,6102600G.wav,26919
White-beaked_Dolphin,30,1.9468125,5903700Y.wav,31149
Frasers_Dolphin,9,3.78125,9101300X.wav,60500
White-beaked_Dolphin,30,1.7978125,70006003.wav,28765
Harp_Seal,11,4.096875,67009003.wav,65550
Short-Finned_Pacific_Pilot_Whale,23,1.462875,91005012.wav,23406
Walrus,28,4.243875,66006005.wav,67902
Melon_Headed_Whale,16,0.208625,9101203S.wav,3338
Bowhead_Whale,4,2.975,8800601U.wav,47600
Frasers_Dolphin,9,21.86775,9101002C.wav,349884
Ross_Seal,21,3.91025,66084008.wav,62564
"Grampus,_Rissos_Dolphin",10,0.384375,8500900S.wav,6150
Walrus,28,0.8203125,72014007.wav,13125
Narwhal,18,1.418,7501400G.wav,22688
Spinner_Dolphin,26,0.97975,71001038.wav,15676
Northern_Right_Whale,19,1.5,74003004.wav,24000
Ross_Seal,21,2.040875,6608400D.wav,32654
Common_Dolphin,6,1.418,87003006.wav,22688
Bowhead_Whale,4,4.17825,8800600T.wav,66852
Striped_Dolphin,27,1.8504375,5801100T.wav,29607
Long-Finned_Pilot_Whale,15,0.2784375,7500400U.wav,4455
False_Killer_Whale,7,1.371875,6102300C.wav,21950
Northern_Right_Whale,19,2.2475625,59004002.wav,35961
Narwhal,18,1.418,7501400J.wav,22688
Bottlenose_Dolphin,3,0.768625,5600600D.wav,12298
White-beaked_Dolphin,30,1.7493125,70014010.wav,27989
Striped_Dolphin,27,2.95225,5801100V.wav,47236
Clymene_Dolphin,5,2.153125,8300601J.wav,34450
Melon_Headed_Whale,16,0.15725,9101203V.wav,2516
Striped_Dolphin,27,2.0244375,7500300Q.wav,32391
Spinner_Dolphin,26,1.1908125,7100101R.wav,19053
Striped_Dolphin,27,1.1749375,5801101L.wav,18799
White-beaked_Dolphin,30,1.9685625,72005001.wav,31497
Pantropical_Spotted_Dolphin,20,0.6138125,94008008.wav,9821
Atlantic_Spotted_Dolphin,0,1.451125,6102500Q.wav,23218
White-beaked_Dolphin,30,2.5224375,7200500D.wav,40359
Long-Finned_Pilot_Whale,15,1.3289375,7702800X.wav,21263
Frasers_Dolphin,9,0.713875,91010022.wav,11422
Harp_Seal,11,2.7796875,6700900B.wav,44475
Frasers_Dolphin,9,1.02425,9101001O.wav,16388
Bowhead_Whale,4,5.2239375,8800600P.wav,83583
Rough-Toothed_Dolphin,22,0.8203125,8501400V.wav,13125
Narwhal,18,1.418,7501400Y.wav,22688
Striped_Dolphin,27,0.911125,58011011.wav,14578
Humpback_Whale,12,9.365375,6301901B.wav,149846
White-beaked_Dolphin,30,2.0243125,7200500U.wav,32389
Spinner_Dolphin,26,1.890625,7100300H.wav,30250
Rough-Toothed_Dolphin,22,1.678125,8501300J.wav,26850
Long-Finned_Pilot_Whale,15,1.040625,7702800V.wav,16650
Spinner_Dolphin,26,1.03625,7100101O.wav,16580
Bowhead_Whale,4,4.944625,8800600F.wav,79114
Humpback_Whale,12,1.6681875,8002001M.wav,26691
Frasers_Dolphin,9,1.0058125,9101301F.wav,16093
Melon_Headed_Whale,16,0.9453125,91012006.wav,15125
Spinner_Dolphin,26,1.890625,7100300E.wav,30250
White-sided_Dolphin,31,2.1649375,75001021.wav,34639
Striped_Dolphin,27,0.8225,58011007.wav,13160
Narwhal,18,1.418,75014006.wav,22688
Killer_Whale,13,3.4506875,9230000L.wav,55211
Striped_Dolphin,27,2.59825,7500301H.wav,41572
Bowhead_Whale,4,7.1124375,88006036.wav,113799
White-beaked_Dolphin,30,1.8795,7001400Y.wav,30072
Sperm_Whale,25,2.559375,85004004.wav,40950
Killer_Whale,13,11.3676875,9750300N.wav,181883
White-sided_Dolphin,31,2.2174375,7800703Q.wav,35479
Frasers_Dolphin,9,3.78125,9101300H.wav,60500
Bearded_Seal,1,2.8359375,7202100T.wav,45375
"Grampus,_Rissos_Dolphin",10,0.35625,8500900N.wav,5700
Striped_Dolphin,27,1.16,72007038.wav,18560
Northern_Right_Whale,19,1.1806875,56017010.wav,18891
Atlantic_Spotted_Dolphin,0,1.764,61025004.wav,28224
Sperm_Whale,25,1260.0,8401600B.wav,20160000
Short-Finned_Pacific_Pilot_Whale,23,1.8538125,5702100E.wav,29661
Common_Dolphin,6,2.290375,7500304G.wav,36646
Rough-Toothed_Dolphin,22,1.28125,8501300X.wav,20500
Frasers_Dolphin,9,3.78125,9101300D.wav,60500
Killer_Whale,13,5.0981875,9750300V.wav,81571
Short-Finned_Pacific_Pilot_Whale,23,0.838625,9100503P.wav,13418
"Grampus,_Rissos_Dolphin",10,0.459375,8700400E.wav,7350
Frasers_Dolphin,9,1.0383125,91010010.wav,16613
Striped_Dolphin,27,0.516,5801101N.wav,8256
Bottlenose_Dolphin,3,1.303125,89514013.wav,20850
Pantropical_Spotted_Dolphin,20,1.9379375,64005015.wav,31007
Melon_Headed_Whale,16,27.691125,9101204I.wav,443058
Bowhead_Whale,4,5.06525,8800600K.wav,81044
Humpback_Whale,12,625.540625,63019016.wav,10008650
Bearded_Seal,1,2.8359375,70025004.wav,45375
Humpback_Whale,12,15.8411875,9220100B.wav,253459
Striped_Dolphin,27,2.3126875,8500701I.wav,37003
Melon_Headed_Whale,16,11.0785625,9101204H.wav,177257
"Beluga,_White_Whale",2,3.8974375,62026006.wav,62359
Long-Finned_Pilot_Whale,15,4.748125,75005032.wav,75970
Spinner_Dolphin,26,1.3576875,7101001D.wav,21723
False_Killer_Whale,7,1.446,95003006.wav,23136
White-sided_Dolphin,31,2.3831875,7500103V.wav,38131
Atlantic_Spotted_Dolphin,0,1.2549375,6102602V.wav,20079
Spinner_Dolphin,26,1.6986875,71004018.wav,27179
"Fin,_Finback_Whale",8,35.155,61079009.wav,562480
Sperm_Whale,25,2.765625,85004006.wav,44250
Common_Dolphin,6,0.7644375,5801404D.wav,12231
Melon_Headed_Whale,16,1.890625,9101200I.wav,30250
Sperm_Whale,25,2.8265625,85005006.wav,45225
Harp_Seal,11,1.418,6700900E.wav,22688
Bearded_Seal,1,45.3,78018002.wav,724800
White-beaked_Dolphin,30,2.907875,7200500P.wav,46526
Narwhal,18,1.418,7501400W.wav,22688
Frasers_Dolphin,9,0.6770625,9101301B.wav,10833
Narwhal,18,1.418,7501400Q.wav,22688
Clymene_Dolphin,5,0.807125,8300604C.wav,12914
"Beluga,_White_Whale",2,2.3434375,63015003.wav,37495
Spinner_Dolphin,26,1.1115,7100700O.wav,17784
Clymene_Dolphin,5,3.2279375,8300603C.wav,51647
Spinner_Dolphin,26,1.6858125,7100801K.wav,26973
"Fin,_Finback_Whale",8,66.983375,6107900F.wav,1071734
Striped_Dolphin,27,2.0099375,75003002.wav,32159
False_Killer_Whale,7,1.09375,6102300I.wav,17500
Clymene_Dolphin,5,1.4475625,83006022.wav,23161
False_Killer_Whale,7,0.8508125,6102100Q.wav,13613
Frasers_Dolphin,9,3.78125,9101300B.wav,60500
White-sided_Dolphin,31,1.8084375,6107201H.wav,28935
Melon_Headed_Whale,16,0.065625,91012045.wav,1050
Ross_Seal,21,3.38,6608500P.wav,54080
Frasers_Dolphin,9,1.890625,91013002.wav,30250
Minke_Whale,17,1.418,64103005.wav,22688
Spinner_Dolphin,26,1.1034375,7100801J.wav,17655
"Fin,_Finback_Whale",8,83.933375,6106400L.wav,1342934
Frasers_Dolphin,9,14.3746875,91010027.wav,229995
False_Killer_Whale,7,0.3140625,6102100Y.wav,5025
Harp_Seal,11,0.646875,6700900T.wav,10350
Melon_Headed_Whale,16,0.9453125,91012007.wav,15125
Walrus,28,6.7164375,7200200F.wav,107463
Clymene_Dolphin,5,2.886375,8300603S.wav,46182
Clymene_Dolphin,5,1.418,8300600A.wav,22688
Northern_Right_Whale,19,2.69475,5602600A.wav,43116
Sperm_Whale,25,1.706125,87017003.wav,27298
Humpback_Whale,12,29.5926875,92201001.wav,473483
"Grampus,_Rissos_Dolphin",10,1.315625,59029014.wav,21050
Bowhead_Whale,4,4.1268125,88006030.wav,66029
Short-Finned_Pacific_Pilot_Whale,23,0.8360625,9100501S.wav,13377
Atlantic_Spotted_Dolphin,0,1.6074375,6102603C.wav,25719
Killer_Whale,13,2.177125,97619015.wav,34834
"Grampus,_Rissos_Dolphin",10,35.625,85009001.wav,570000
Pantropical_Spotted_Dolphin,20,1.3844375,9005807O.wav,22151
False_Killer_Whale,7,0.6164375,6102101T.wav,9863
Rough-Toothed_Dolphin,22,1.890625,85013002.wav,30250
Striped_Dolphin,27,1.8363125,5801100P.wav,29381
White-sided_Dolphin,31,1.616625,6107201N.wav,25866
Bearded_Seal,1,8.1748125,66038004.wav,130797
Ross_Seal,21,3.3596875,6608500B.wav,53755
Harp_Seal,11,4.246875,6700900S.wav,67950
Bearded_Seal,1,1.9921875,70025009.wav,31875
Narwhal,18,1.418,68002006.wav,22688
"Beluga,_White_Whale",2,3.3323125,6202200E.wav,53317
Frasers_Dolphin,9,3.71875,9101001L.wav,59500
Sperm_Whale,25,2.559375,85004003.wav,40950
False_Killer_Whale,7,1.0851875,6102300X.wav,17363
Frasers_Dolphin,9,3.78125,9101300N.wav,60500
Sperm_Whale,25,28.627125,8800201M.wav,458034
Bowhead_Whale,4,3.576,8800600S.wav,57216
Bowhead_Whale,4,2.7515625,7801800B.wav,44025
Harp_Seal,11,0.6445625,6700900W.wav,10313
Clymene_Dolphin,5,1.418,8300600C.wav,22688
Ross_Seal,21,2.8623125,6608500G.wav,45797
Minke_Whale,17,0.9445625,64104001.wav,15113
"Beluga,_White_Whale",2,2.1258125,62026001.wav,34013
Northern_Right_Whale,19,3.0025,81014034.wav,48040
Harp_Seal,11,2.1703125,6700900N.wav,34725
Frasers_Dolphin,9,3.78125,9101300U.wav,60500
"Grampus,_Rissos_Dolphin",10,0.525,85009008.wav,8400
Walrus,28,1.33125,72014001.wav,21300
Northern_Right_Whale,19,1.5,74003002.wav,24000
"Beluga,_White_Whale",2,2.7570625,62026007.wav,44113
Southern_Right_Whale,24,2.0578125,8300200A.wav,32925
Narwhal,18,1.418,6800200A.wav,22688
"Grampus,_Rissos_Dolphin",10,1.840625,5903001Z.wav,29450
"Fin,_Finback_Whale",8,69.635,61064006.wav,1114160
Clymene_Dolphin,5,2.1984375,83006002.wav,35175
Rough-Toothed_Dolphin,22,1.09375,8501400T.wav,17500
Humpback_Whale,12,15.4498125,6304300O.wav,247197
Striped_Dolphin,27,2.128125,7500300P.wav,34050
Frasers_Dolphin,9,3.4875,9101001H.wav,55800
Common_Dolphin,6,1.08625,5801400J.wav,17380
Atlantic_Spotted_Dolphin,0,1.670875,6102604K.wav,26734
Pantropical_Spotted_Dolphin,20,15.00475,94008060.wav,240076
Ross_Seal,21,3.996,66034002.wav,63936
Rough-Toothed_Dolphin,22,1.728125,8501300P.wav,27650
"Fin,_Finback_Whale",8,24.0,7801400A.wav,384000
Long-Finned_Pilot_Whale,15,1.1109375,77028009.wav,17775
Sperm_Whale,25,1.4203125,87017001.wav,22725
Pantropical_Spotted_Dolphin,20,0.71075,94006003.wav,11372
Narwhal,18,1.418,75014009.wav,22688
Common_Dolphin,6,2.27175,7500303Q.wav,36348
Killer_Whale,13,2.735375,9750301L.wav,43766
"Fin,_Finback_Whale",8,86.615,6107900M.wav,1385840
"Grampus,_Rissos_Dolphin",10,35.625,85009002.wav,570000
Leopard_Seal,14,5.47425,6608400I.wav,87588
Sperm_Whale,25,1162.0983125,7200900P.wav,18593573
False_Killer_Whale,7,0.68675,6102300S.wav,10988
Walrus,28,3.32325,7200200G.wav,53172
Pantropical_Spotted_Dolphin,20,3.1084375,6400501D.wav,49735
Southern_Right_Whale,24,1.418,83002004.wav,22688
Frasers_Dolphin,9,17.2644375,91010026.wav,276231
Southern_Right_Whale,24,1.865625,83002009.wav,29850
False_Killer_Whale,7,1.6021875,95003005.wav,25635
Southern_Right_Whale,24,1.418,83002001.wav,22688
"Fin,_Finback_Whale",8,31.58,61079006.wav,505280
Long-Finned_Pilot_Whale,15,2.035,7500502V.wav,32560
Spinner_Dolphin,26,1.56075,7100401I.wav,24972
Killer_Whale,13,14.2495,89405023.wav,227992
White-beaked_Dolphin,30,2.6025625,72005004.wav,41641
Bowhead_Whale,4,4.0035,88006031.wav,64056
Narwhal,18,1.418,75014003.wav,22688
Pantropical_Spotted_Dolphin,20,3.264375,6400501A.wav,52230
Striped_Dolphin,27,1.18375,75003010.wav,18940
Sperm_Whale,25,3.0,87017002.wav,48000
Northern_Right_Whale,19,2.223125,59004005.wav,35570
Ross_Seal,21,5.6506875,6608900H.wav,90411
Walrus,28,9.313,7200200B.wav,149008
Harp_Seal,11,1.1390625,67009007.wav,18225
"Grampus,_Rissos_Dolphin",10,0.4625,59029010.wav,7400
Clymene_Dolphin,5,2.0459375,8300600N.wav,32735
Striped_Dolphin,27,1.9285,72007035.wav,30856
Common_Dolphin,6,0.608875,58014014.wav,9742
False_Killer_Whale,7,0.5414375,6102301B.wav,8663
Spinner_Dolphin,26,2.247625,7100801F.wav,35962
Sperm_Whale,25,2.83125,85004002.wav,45300
Killer_Whale,13,4.573875,9750400V.wav,73182
Sperm_Whale,25,17.8125,91003001.wav,285000
White-beaked_Dolphin,30,2.808125,5903700L.wav,44930
Pantropical_Spotted_Dolphin,20,0.6035,9400807X.wav,9656
Spinner_Dolphin,26,1.3209375,71001036.wav,21135
Short-Finned_Pacific_Pilot_Whale,23,43.962375,84016002.wav,703398
Striped_Dolphin,27,1.979625,7500301O.wav,31674
Pantropical_Spotted_Dolphin,20,0.8333125,9400801H.wav,13333
Ross_Seal,21,2.679625,6608500A.wav,42874
Atlantic_Spotted_Dolphin,0,2.6460625,61025009.wav,42337
Melon_Headed_Whale,16,0.0661875,9101203X.wav,1059
Melon_Headed_Whale,16,16.404375,9101204Q.wav,262470
Common_Dolphin,6,1.0288125,5801403O.wav,16461
Pantropical_Spotted_Dolphin,20,1.2586875,9400801R.wav,20139
"Beluga,_White_Whale",2,2.557125,62018002.wav,40914
Clymene_Dolphin,5,1.976,8300604I.wav,31616
Spinner_Dolphin,26,1.46625,7100103C.wav,23460
Spinner_Dolphin,26,1.145,7100100Z.wav,18320
Striped_Dolphin,27,1.6703125,75003022.wav,26725
"Grampus,_Rissos_Dolphin",10,0.3421875,8500900A.wav,5475
Melon_Headed_Whale,16,1.131,9101200B.wav,18096
Bearded_Seal,1,0.75,71012004.wav,12000
Frasers_Dolphin,9,1.890625,91013005.wav,30250
False_Killer_Whale,7,0.921875,61023009.wav,14750
Northern_Right_Whale,19,2.108,5900300G.wav,33728
White-sided_Dolphin,31,0.7309375,79006018.wav,11695
Spinner_Dolphin,26,1.149125,71001035.wav,18386
White-sided_Dolphin,31,2.35875,6107200K.wav,37740
Bowhead_Whale,4,142.5,72021005.wav,2280000
Atlantic_Spotted_Dolphin,0,1.142125,6102602W.wav,18274
Spinner_Dolphin,26,1.648375,7100801I.wav,26374
Frasers_Dolphin,9,1.890625,9101001M.wav,30250
Common_Dolphin,6,0.5235625,58014015.wav,8377
Long-Finned_Pilot_Whale,15,1.7094375,7500502S.wav,27351
Short-Finned_Pacific_Pilot_Whale,23,0.6768125,91005039.wav,10829
Clymene_Dolphin,5,2.0363125,8300604Q.wav,32581
Humpback_Whale,12,67.092625,9220100X.wav,1073482
White-sided_Dolphin,31,2.261625,61072004.wav,36186
Sperm_Whale,25,0.9453125,91012009.wav,15125
"Beluga,_White_Whale",2,4.3265,63015001.wav,69224
Striped_Dolphin,27,0.46375,7500305Y.wav,7420
Clymene_Dolphin,5,2.318625,8303501L.wav,37098
Bowhead_Whale,4,4.3848125,8800602U.wav,70157
Harp_Seal,11,2.8359375,67010008.wav,45375
Sperm_Whale,25,1.418,72009004.wav,22688
Sperm_Whale,25,1.418,62031001.wav,22688
Walrus,28,1.043,72014006.wav,16688
Frasers_Dolphin,9,1.5,91013014.wav,24000
Pantropical_Spotted_Dolphin,20,2.799625,64005016.wav,44794
Rough-Toothed_Dolphin,22,0.903125,85014003.wav,14450
"Grampus,_Rissos_Dolphin",10,4.9974375,59030004.wav,79959
White-beaked_Dolphin,30,2.705125,7001300B.wav,43282
"Beluga,_White_Whale",2,3.0045,63015004.wav,48072
Humpback_Whale,12,2.6949375,9220100F.wav,43119
Ross_Seal,21,2.6068125,6608400A.wav,41709
Long-Finned_Pilot_Whale,15,2.5171875,77034002.wav,40275
Ross_Seal,21,3.748125,66034004.wav,59970
Melon_Headed_Whale,16,0.2513125,9101203N.wav,4021
"Beluga,_White_Whale",2,5.870125,62026003.wav,93922
Ross_Seal,21,4.2224375,6608500O.wav,67559
Pantropical_Spotted_Dolphin,20,0.8208125,9004401Y.wav,13133
Atlantic_Spotted_Dolphin,0,1.2408125,6102602I.wav,19853
Pantropical_Spotted_Dolphin,20,0.989625,9004401X.wav,15834
Northern_Right_Whale,19,2.7755,5601700O.wav,44408
Leopard_Seal,14,2.401625,6608400P.wav,38426
Long-Finned_Pilot_Whale,15,69.9813125,5402400B.wav,1119701
Spinner_Dolphin,26,1.890625,7100300K.wav,30250
White-beaked_Dolphin,30,9.6236875,59037007.wav,153979
Melon_Headed_Whale,16,8.0219375,9101204N.wav,128351
"Fin,_Finback_Whale",8,24.0,78014006.wav,384000
Melon_Headed_Whale,16,0.1245,9101202U.wav,1992
Long-Finned_Pilot_Whale,15,42.4494375,5402400C.wav,679191
White-beaked_Dolphin,30,2.2444375,7200500W.wav,35911
Long-Finned_Pilot_Whale,15,4.3265,54024002.wav,69224
Atlantic_Spotted_Dolphin,0,1.5208125,6102500C.wav,24333
Northern_Right_Whale,19,2.243625,56018004.wav,35898
"Beluga,_White_Whale",2,1.418,6503300C.wav,22688
"Grampus,_Rissos_Dolphin",10,1.4109375,5903002N.wav,22575
Spinner_Dolphin,26,1.09925,7100100N.wav,17588
"Grampus,_Rissos_Dolphin",10,5.2178125,5903000C.wav,83485
Spinner_Dolphin,26,1.3478125,7100401H.wav,21565
Clymene_Dolphin,5,2.8359375,83006008.wav,45375
Pantropical_Spotted_Dolphin,20,0.789,9004401Z.wav,12624
"Grampus,_Rissos_Dolphin",10,1.675,5903000Z.wav,26800
Harp_Seal,11,1.3008125,67010007.wav,20813
Common_Dolphin,6,2.6859375,7500304F.wav,42975
Common_Dolphin,6,0.786625,75003057.wav,12586
Humpback_Whale,12,12.8859375,63019012.wav,206175
Striped_Dolphin,27,0.979625,7200703B.wav,15674
Northern_Right_Whale,19,2.851375,56026007.wav,45622
"Grampus,_Rissos_Dolphin",10,0.475,5902900J.wav,7600
Rough-Toothed_Dolphin,22,1.440625,8501301C.wav,23050
Rough-Toothed_Dolphin,22,1.890625,85013009.wav,30250
Bearded_Seal,1,11.30625,7801800M.wav,180900
Common_Dolphin,6,1.37375,75003058.wav,21980
Long-Finned_Pilot_Whale,15,0.1,7702801M.wav,1600
Short-Finned_Pacific_Pilot_Whale,23,2.013,57021003.wav,32208
Sperm_Whale,25,17.8125,8301900C.wav,285000
"Grampus,_Rissos_Dolphin",10,4.657,85009006.wav,74512
Striped_Dolphin,27,0.798125,5801100R.wav,12770
Southern_Right_Whale,24,1.418,83002002.wav,22688
Walrus,28,5.8125,7202000A.wav,93000
False_Killer_Whale,7,1.20675,95003001.wav,19308
Common_Dolphin,6,53.0481875,5801404S.wav,848771
Striped_Dolphin,27,1.2228125,5801100N.wav,19565
Pantropical_Spotted_Dolphin,20,1.0044375,9004401U.wav,16071
White-sided_Dolphin,31,1.43375,61072022.wav,22940
"Fin,_Finback_Whale",8,75.92,6107900N.wav,1214720
"Fin,_Finback_Whale",8,25.005,6107900L.wav,400080
False_Killer_Whale,7,4.0059375,61023001.wav,64095
Pantropical_Spotted_Dolphin,20,1.418,90028008.wav,22688
Pantropical_Spotted_Dolphin,20,1.011375,9400807S.wav,16182
White-beaked_Dolphin,30,5.9608125,59037008.wav,95373
White-beaked_Dolphin,30,6.218125,59037013.wav,99490
Northern_Right_Whale,19,2.7256875,81013007.wav,43611
Short-Finned_Pacific_Pilot_Whale,23,1.6571875,57021008.wav,26515
Narwhal,18,1.418,7501400M.wav,22688
Rough-Toothed_Dolphin,22,1.146875,8501400Y.wav,18350
Short-Finned_Pacific_Pilot_Whale,23,1.183875,9100502F.wav,18942
Humpback_Whale,12,2.75625,63019004.wav,44100
Humpback_Whale,12,114.0443125,6301901H.wav,1824709
Killer_Whale,13,3.72225,92301007.wav,59556
Common_Dolphin,6,2.802875,75003053.wav,44846
White-sided_Dolphin,31,2.578125,61072013.wav,41250
"Grampus,_Rissos_Dolphin",10,0.3351875,8500900Q.wav,5363
Ross_Seal,21,2.53825,6608400E.wav,40612
Bowhead_Whale,4,5.6304375,88006017.wav,90087
"Beluga,_White_Whale",2,0.640875,6503000I.wav,10254
Narwhal,18,1.418,7501400R.wav,22688
Short-Finned_Pacific_Pilot_Whale,23,1.649125,5702100H.wav,26386
Clymene_Dolphin,5,2.817,8300601R.wav,45072
"Grampus,_Rissos_Dolphin",10,0.546125,85009007.wav,8738
"Fin,_Finback_Whale",8,93.013375,61047009.wav,1488214
Harp_Seal,11,1.678125,67009004.wav,26850
Spinner_Dolphin,26,1.6475,7100401D.wav,26360
Southern_Right_Whale,24,1.418,79002004.wav,22688
Sperm_Whale,25,1.418,72009003.wav,22688
Ross_Seal,21,3.3698125,6608500Q.wav,53917
Spinner_Dolphin,26,1.890625,7100300L.wav,30250
Frasers_Dolphin,9,3.54375,9101000X.wav,56700
Sperm_Whale,25,29.4063125,8800201N.wav,470501
White-beaked_Dolphin,30,0.4319375,70005002.wav,6911
"Beluga,_White_Whale",2,4.1789375,6202200G.wav,66863
White-beaked_Dolphin,30,8.8583125,5903700B.wav,141733
Walrus,28,1.09925,72014003.wav,17588
Rough-Toothed_Dolphin,22,1.440625,8501300M.wav,23050
Sperm_Whale,25,2.8359375,84021003.wav,45375
Pantropical_Spotted_Dolphin,20,7.2724375,6400501C.wav,116359
Harp_Seal,11,2.25,67009002.wav,36000
Harp_Seal,11,53.788875,67008008.wav,860622
Melon_Headed_Whale,16,0.9656875,9101201I.wav,15451
Frasers_Dolphin,9,10.4095,9100800F.wav,166552
Long-Finned_Pilot_Whale,15,52.595875,54024006.wav,841534
Bowhead_Whale,4,5.8833125,88006037.wav,94133
"Beluga,_White_Whale",2,1.30525,6202200W.wav,20884
Sperm_Whale,25,1.040625,7702800V.wav,16650
Frasers_Dolphin,9,1.890625,9101300E.wav,30250
Short-Finned_Pacific_Pilot_Whale,23,2.0915,9100500Y.wav,33464
"Beluga,_White_Whale",2,4.3895,63015006.wav,70232
Melon_Headed_Whale,16,0.988875,91012003.wav,15822
Spinner_Dolphin,26,1.76675,7100102S.wav,28268
Ross_Seal,21,3.1668125,6608500R.wav,50669
Frasers_Dolphin,9,0.621875,9101301A.wav,9950
White-beaked_Dolphin,30,1.697375,7200500H.wav,27158
Leopard_Seal,14,5.17125,6608400N.wav,82740
Northern_Right_Whale,19,2.1824375,5900300B.wav,34919
Striped_Dolphin,27,1.3530625,7500300H.wav,21649
Pantropical_Spotted_Dolphin,20,0.876375,9400807R.wav,14022
Rough-Toothed_Dolphin,22,1.3625,85013014.wav,21800
Melon_Headed_Whale,16,0.1873125,9101202S.wav,2997
"Beluga,_White_Whale",2,1.389875,6503300J.wav,22238
Short-Finned_Pacific_Pilot_Whale,23,2.632,91005010.wav,42112
White-beaked_Dolphin,30,1.6154375,7001300G.wav,25847
Minke_Whale,17,1.4133125,64103009.wav,22613
"Beluga,_White_Whale",2,0.8039375,65033003.wav,12863
Humpback_Whale,12,23.7699375,5511300F.wav,380319
Pantropical_Spotted_Dolphin,20,0.85125,94008085.wav,13620
"Grampus,_Rissos_Dolphin",10,0.5535,59030035.wav,8856
Harp_Seal,11,0.709,67010006.wav,11344
Killer_Whale,13,2.32225,9750300Z.wav,37156
Atlantic_Spotted_Dolphin,0,1.494625,61026031.wav,23914
Short-Finned_Pacific_Pilot_Whale,23,1.4203125,8103700H.wav,22725
Spinner_Dolphin,26,0.989,7100801H.wav,15824
Striped_Dolphin,27,0.9935625,5801100I.wav,15897
False_Killer_Whale,7,0.902375,6102100P.wav,14438
Bowhead_Whale,4,5.16575,8800600G.wav,82652
"Grampus,_Rissos_Dolphin",10,0.425,5902900W.wav,6800
"Grampus,_Rissos_Dolphin",10,2.96925,85009005.wav,47508
"Beluga,_White_Whale",2,2.654625,6202600D.wav,42474
Pantropical_Spotted_Dolphin,20,1.032,9400802D.wav,16512
"Beluga,_White_Whale",2,1.67425,62022013.wav,26788
White-beaked_Dolphin,30,2.516375,5903700M.wav,40262
Northern_Right_Whale,19,2.266875,56025001.wav,36270
Harp_Seal,11,1.352375,6700900U.wav,21638
"Grampus,_Rissos_Dolphin",10,3.5,59030024.wav,56000
Common_Dolphin,6,2.2486875,7500304H.wav,35979
Bearded_Seal,1,1.418,71012002.wav,22688
White-beaked_Dolphin,30,5.4885625,5903700G.wav,87817
Narwhal,18,1.418,6800200B.wav,22688
White-beaked_Dolphin,30,2.434875,7001400X.wav,38958
Spinner_Dolphin,26,52.731375,7100103E.wav,843702
Southern_Right_Whale,24,1.764875,79002010.wav,28238
Humpback_Whale,12,14.3549375,6304300K.wav,229679
Frasers_Dolphin,9,3.78125,9101000W.wav,60500
Clymene_Dolphin,5,2.6615625,8300602E.wav,42585
Narwhal,18,1.418,7501400L.wav,22688
Striped_Dolphin,27,1.2665625,58011002.wav,20265
Rough-Toothed_Dolphin,22,1.0640625,85014005.wav,17025
Bowhead_Whale,4,3.3554375,88006008.wav,53687
Northern_Right_Whale,19,2.1571875,8101403Z.wav,34515
Northern_Right_Whale,19,1.8031875,5602500N.wav,28851
Bowhead_Whale,4,3.6178125,88006005.wav,57885
"Fin,_Finback_Whale",8,31.898375,6107900K.wav,510374
White-beaked_Dolphin,30,1.966,7200500M.wav,31456
Long-Finned_Pilot_Whale,15,1.003125,7703400H.wav,16050
Common_Dolphin,6,2.12375,7500304N.wav,33980
White-sided_Dolphin,31,1.6895,7500102R.wav,27032
Narwhal,18,1.418,6800200E.wav,22688
Narwhal,18,3.1794375,6804000S.wav,50871
Long-Finned_Pilot_Whale,15,2.125375,7500401F.wav,34006
Northern_Right_Whale,19,1.4356875,56025006.wav,22971
Atlantic_Spotted_Dolphin,0,1.43825,6102603L.wav,23012
Clymene_Dolphin,5,1.2958125,8300604O.wav,20733
Short-Finned_Pacific_Pilot_Whale,23,35.295,5702100N.wav,564720
Rough-Toothed_Dolphin,22,1.571875,85013015.wav,25150
Clymene_Dolphin,5,3.0624375,8300602Q.wav,48999
"Beluga,_White_Whale",2,1.089625,62022012.wav,17434
Short-Finned_Pacific_Pilot_Whale,23,0.910625,5702100C.wav,14570
Narwhal,18,1.418,7501400X.wav,22688
Bottlenose_Dolphin,3,1.0966875,56006006.wav,17547
Humpback_Whale,12,71.8735625,6301901E.wav,1149977
Melon_Headed_Whale,16,1.3685625,91012016.wav,21897
Rough-Toothed_Dolphin,22,1.6,85014007.wav,25600
Narwhal,18,1.418,7501400V.wav,22688
Humpback_Whale,12,2.75625,63019005.wav,44100
White-beaked_Dolphin,30,0.5034375,59037001.wav,8055
Clymene_Dolphin,5,2.6,8300601K.wav,41600
Ross_Seal,21,5.064875,6608500J.wav,81038
False_Killer_Whale,7,0.5578125,6102301E.wav,8925
Long-Finned_Pilot_Whale,15,1.3838125,7500502R.wav,22141
"Grampus,_Rissos_Dolphin",10,5.8788125,59030003.wav,94061
Long-Finned_Pilot_Whale,15,1.3861875,75004033.wav,22179
"Beluga,_White_Whale",2,1.5280625,62022014.wav,24449
Rough-Toothed_Dolphin,22,1.890625,8501300A.wav,30250
Short-Finned_Pacific_Pilot_Whale,23,4.574375,81037005.wav,73190
Striped_Dolphin,27,2.331375,8500701F.wav,37302
White-beaked_Dolphin,30,1.856,7001400T.wav,29696
Ross_Seal,21,3.5220625,6608500I.wav,56353
Pantropical_Spotted_Dolphin,20,1.418,90028007.wav,22688
Killer_Whale,13,5.90175,97503018.wav,94428
Southern_Right_Whale,24,1.621875,7900200Z.wav,25950
Short-Finned_Pacific_Pilot_Whale,23,0.3861875,81037011.wav,6179
Narwhal,18,1.418,68002007.wav,22688
Minke_Whale,17,1.418,64103007.wav,22688
Long-Finned_Pilot_Whale,15,3.6655,54024003.wav,58648
Ross_Seal,21,3.2585,66084003.wav,52136
Common_Dolphin,6,3.389125,75003044.wav,54226
Narwhal,18,1.418,7501400C.wav,22688
Walrus,28,7.11175,7200200M.wav,113788
Long-Finned_Pilot_Whale,15,1.48,7500502Q.wav,23680
Walrus,28,5.8995,7200200L.wav,94392
Northern_Right_Whale,19,1.666,7001800H.wav,26656
Melon_Headed_Whale,16,0.1639375,91012049.wav,2623
Walrus,28,3.09725,7200200K.wav,49556
Striped_Dolphin,27,1.209625,75003015.wav,19354
Sperm_Whale,25,1220.1006875,9400500C.wav,19521611
"Fin,_Finback_Whale",8,64.133375,6107900B.wav,1026134
White-sided_Dolphin,31,3.1210625,6107202K.wav,49937
False_Killer_Whale,7,1.423125,95003003.wav,22770
Bowhead_Whale,4,3.20425,8800600Q.wav,51268
Bowhead_Whale,4,6.0279375,88006034.wav,96447
Sperm_Whale,25,5.25,72009001.wav,84000
Common_Dolphin,6,0.4050625,7500304P.wav,6481
Spinner_Dolphin,26,1.2595,7100101I.wav,20152
Short-Finned_Pacific_Pilot_Whale,23,1.204375,91005011.wav,19270
Frasers_Dolphin,9,2.14375,9101000S.wav,34300
Long-Finned_Pilot_Whale,15,65.5905,7703400U.wav,1049448
False_Killer_Whale,7,0.6633125,61021012.wav,10613
Clymene_Dolphin,5,2.400375,8300601G.wav,38406
"Grampus,_Rissos_Dolphin",10,0.69375,5903002S.wav,11100
Bowhead_Whale,4,5.474125,8800600U.wav,87586
Clymene_Dolphin,5,2.1984375,83006001.wav,35175
False_Killer_Whale,7,0.696125,6102101N.wav,11138
Humpback_Whale,12,14.095625,63019019.wav,225530
Rough-Toothed_Dolphin,22,0.89375,8501400F.wav,14300
Common_Dolphin,6,1.62375,58014034.wav,25980
Rough-Toothed_Dolphin,22,1.396875,8501400B.wav,22350
Common_Dolphin,6,1.16325,7500305H.wav,18612
"Beluga,_White_Whale",2,4.2588125,62019001.wav,68141
Walrus,28,4.3125,72019002.wav,69000
Clymene_Dolphin,5,2.6055625,8300601F.wav,41689
Long-Finned_Pilot_Whale,15,0.4570625,7702801L.wav,7313
Bearded_Seal,1,11.34375,78018005.wav,181500
Harp_Seal,11,2.4984375,6700900A.wav,39975
Rough-Toothed_Dolphin,22,1.465625,8501400R.wav,23450
Clymene_Dolphin,5,2.4609375,8300600F.wav,39375
Clymene_Dolphin,5,1.5390625,8300604F.wav,24625
Clymene_Dolphin,5,1.711875,83006031.wav,27390
White-beaked_Dolphin,30,2.703875,5903700F.wav,43262
Striped_Dolphin,27,0.6655,58011009.wav,10648
White-beaked_Dolphin,30,3.3265,7200500K.wav,53224
Harp_Seal,11,1.418,6701000H.wav,22688
Northern_Right_Whale,19,0.8766875,5601700U.wav,14027
Pantropical_Spotted_Dolphin,20,1.195,9004400O.wav,19120
Atlantic_Spotted_Dolphin,0,1.4621875,6102500J.wav,23395
Pantropical_Spotted_Dolphin,20,0.726375,94006004.wav,11622
Bearded_Seal,1,2.8359375,70025001.wav,45375
White-beaked_Dolphin,30,2.0350625,5903700N.wav,32561
Spinner_Dolphin,26,1.418,71001034.wav,22688
"Beluga,_White_Whale",2,1.06175,65033002.wav,16988
Frasers_Dolphin,9,1.136875,9101001Y.wav,18190
Spinner_Dolphin,26,1.890625,7100300O.wav,30250
Long-Finned_Pilot_Whale,15,2.2511875,7500403J.wav,36019
Spinner_Dolphin,26,1.0646875,7101001C.wav,17035
Ross_Seal,21,2.974,6608500H.wav,47584
Spinner_Dolphin,26,1.0305,7100101A.wav,16488
"Grampus,_Rissos_Dolphin",10,1.3375,59029016.wav,21400
Killer_Whale,13,1.275,60026002.wav,20400
Spinner_Dolphin,26,0.832125,7100102Z.wav,13314
Bowhead_Whale,4,5.025,8800600L.wav,80400
Northern_Right_Whale,19,2.9274375,59005002.wav,46839
Melon_Headed_Whale,16,0.282625,9101203J.wav,4522
White-sided_Dolphin,31,1.3336875,79004016.wav,21339
Harp_Seal,11,1.2633125,67009009.wav,20213
Northern_Right_Whale,19,3.657375,56017007.wav,58518
Bearded_Seal,1,11.34375,78018003.wav,181500
"Fin,_Finback_Whale",8,24.908375,60009007.wav,398534
Frasers_Dolphin,9,2.35625,9101300Y.wav,37700